文件名,时长,标题,参与创作的艺术家,,随机数
シノダ - VAGRANT.mp3,0:03:51,VAGRANT,シノダ,"['シノダ - VAGRANT.mp3', '03:51', 'VAGRANT', 'シノダ'],",0.590409107
仲村芽衣子 - 騒天航路.mp3,0:04:34,騒天航路,仲村芽衣子,"['仲村芽衣子 - 騒天航路.mp3', '04:34', '騒天航路', '仲村芽衣子'],",0.975303922
Vivienne - Dream in the Night.mp3,0:05:37,Dream in the Night,Vivienne,"['Vivienne - Dream in the Night.mp3', '05:37', 'Dream in the Night', 'Vivienne'],",0.170767574
DDBY - 流星阶段.mp3,0:03:33,流星阶段,DDBY,"['DDBY - 流星阶段.mp3', '03:33', '流星阶段', 'DDBY'],",0.26885968
MiraGevot - 07.光轨.mp3,0:03:06,07.光轨,MiraGevot,"['MiraGevot - 07.光轨.mp3', '03:06', '07.光轨', 'MiraGevot'],",0.089925773
ginkiha - 聖輦船の風景.mp3,0:03:53,聖輦船の風景,ginkiha,"['ginkiha - 聖輦船の風景.mp3', '03:53', '聖輦船の風景', 'ginkiha'],",0.101371426
清水嶺 - 時の流れに身をまかせ.mp3,0:03:51,時の流れに身をまかせ,清水嶺,"['清水嶺 - 時の流れに身をまかせ.mp3', '03:51', '時の流れに身をまかせ', '清水嶺'],",0.587577275
魂音泉 - 船長が見た景色 (Phantom Ship Remix).mp3,0:05:41,船長が見た景色 (Phantom Ship Remix),魂音泉,"['魂音泉 - 船長が見た景色 (Phantom Ship Remix).mp3', '05:41', '船長が見た景色 (Phantom Ship Remix)', '魂音泉'],",0.749771644
Aftergrow - Sinker.mp3,0:04:48,Sinker,Aftergrow,"['Aftergrow - Sinker.mp3', '04:48', 'Sinker', 'Aftergrow'],",0.722810922
まらしぃ - 幽霊客船の時空を越えた旅.mp3,0:03:26,幽霊客船の時空を越えた旅,まらしぃ,"['まらしぃ - 幽霊客船の時空を越えた旅.mp3', '03:26', '幽霊客船の時空を越えた旅', 'まらしぃ'],",0.714902836
まらしぃ - キャプテン・ムラサ.mp3,0:02:46,キャプテン・ムラサ,まらしぃ,"['まらしぃ - キャプテン・ムラサ.mp3', '02:46', 'キャプテン・ムラサ', 'まらしぃ'],",0.011805969
豚乙女 - 暗夜航路（猫键盘）.mp3,0:05:03,暗夜航路,豚乙女,"['豚乙女 - 暗夜航路（猫键盘）.mp3', '05:03', '暗夜航路', '豚乙女'],",0.535420457
豚乙女 - 暗夜航路.mp3,0:04:47,暗夜航路,豚乙女,"['豚乙女 - 暗夜航路.mp3', '04:47', '暗夜航路', '豚乙女'],",0.461878646
"きくお,si_ku - 星と水平線を超えて.mp3",0:03:19,星と水平線を超えて,きくお; si_ku,"['きくお,si_ku - 星と水平線を超えて.mp3', '03:19', '星と水平線を超えて', 'きくお; si_ku'],",0.940692899
群雨アンブレイラ - sorrow over.mp3,0:04:31,sorrow over,群雨アンブレイラ,"['群雨アンブレイラ - sorrow over.mp3', '04:31', 'sorrow over', '群雨アンブレイラ'],",0.762873122
XL Project - Starmine.mp3,0:04:40,Starmine,XL Project,"['XL Project - Starmine.mp3', '04:40', 'Starmine', 'XL Project'],",0.297233082
瑶山百霊 Yonder Voice - 晨星落々.mp3,0:04:51,晨星落々,瑶山百霊 ;  Yonder Voice,"['瑶山百霊 Yonder Voice - 晨星落々.mp3', '04:51', '晨星落々', '瑶山百霊 ;  Yonder Voice'],",0.83135099
3L - S.O.S..mp3,0:04:35,S.O.S.,3L,"['3L - S.O.S..mp3', '04:35', 'S.O.S.', '3L'],",0.099959392
備前 - 駅までは同じ帰り道.mp3,0:03:56,駅までは同じ帰り道,備前,"['備前 - 駅までは同じ帰り道.mp3', '03:56', '駅までは同じ帰り道', '備前'],",0.622220496
幽閉サテライト Senya - FriendShip.mp3,0:04:18,FriendShip,幽閉サテライト ;  Senya,"['幽閉サテライト Senya - FriendShip.mp3', '04:18', 'FriendShip', '幽閉サテライト ;  Senya'],",0.4785881
群雨アンブレイラ - Aquaphilia.mp3,0:04:33,Aquaphilia,群雨アンブレイラ,"['群雨アンブレイラ - Aquaphilia.mp3', '04:33', 'Aquaphilia', '群雨アンブレイラ'],",0.648528325
交響アクティブNEETs - 幽霊客船の時空を超えた旅.mp3,0:04:00,幽霊客船の時空を超えた旅,交響アクティブNEETs,"['交響アクティブNEETs - 幽霊客船の時空を超えた旅.mp3', '04:00', '幽霊客船の時空を超えた旅', '交響アクティブNEETs'],",0.402275074
ほたる - 光.mp3,0:04:59,光,ほたる,"['ほたる - 光.mp3', '04:59', '光', 'ほたる'],",0.846488662
豚乙女 - 光る水面に映る舟底.mp3,0:03:55,光る水面に映る舟底,豚乙女,"['豚乙女 - 光る水面に映る舟底.mp3', '03:55', '光る水面に映る舟底', '豚乙女'],",0.989940486
オーライフジャパン - 暇人船長さんのお仕事.mp3,0:03:44,暇人船長さんのお仕事,オーライフジャパン,"['オーライフジャパン - 暇人船長さんのお仕事.mp3', '03:44', '暇人船長さんのお仕事', 'オーライフジャパン'],",0.620199528
DDBY - Seaside.mp3,0:03:03,Seaside,DDBY,"['DDBY - Seaside.mp3', '03:03', 'Seaside', 'DDBY'],",0.509280884
GET IN THE RING - 青色スペースタイム.mp3,0:04:15,青色スペースタイム,GET IN THE RING,"['GET IN THE RING - 青色スペースタイム.mp3', '04:15', '青色スペースタイム', 'GET IN THE RING'],",0.661528252
櫻井アンナ - 泡波の花.mp3,0:03:52,泡波の花,櫻井アンナ,"['櫻井アンナ - 泡波の花.mp3', '03:52', '泡波の花', '櫻井アンナ'],",0.35772788
清水達也 - Aqua Voyage.mp3,0:04:41,Aqua Voyage,清水達也,"['清水達也 - Aqua Voyage.mp3', '04:41', 'Aqua Voyage', '清水達也'],",0.976905625
